population,group,fullID,band_number,fusion,total_mass,shell_mass,shell_diameter,dead,series,session,FPT1,FPT2,FPT3,Food_intake
shaded,shadedA,shadedA1,0B,no,3.43,0.89,24.8,0,1,1,24,57,81,0.2511
shaded,shadedA,shadedA1,0B,no,3.43,0.89,24.8,0,1,2,19,58,96,0.4083
shaded,shadedA,shadedA2,0B,no,2.86,0.68,22.2,0,3,1,21,45,123,0.2142
shaded,shadedA,shadedA2,0B,no,2.86,0.68,22.2,0,3,2,14,42,78,0.2089
shaded,shadedA,shadedA3,0B,no,3.98,1.17,24.3,0,3,1,17,47,96,0.3027
shaded,shadedA,shadedA3,0B,no,3.98,1.17,24.3,0,3,2,9,33,65,0.3219
shaded,shadedA,shadedA4,0B,no,3.55,1.08,24.4,0,3,1,1200,1200,1200,0
shaded,shadedA,shadedA4,0B,no,3.55,1.08,24.4,0,3,2,1200,1200,1200,2.00000000000089e-4
shaded,shadedA,shadedA5,0B,no,2.75,0.76,24.1,0,2,1,14,63,235,0.2471
shaded,shadedA,shadedA5,0B,no,2.75,0.76,24.1,0,2,2,40,90,158,0.2686
shaded,shadedA,shadedA6,0B,no,2.44,0.71,22.6,0,2,1,25,60,104,0.2863
shaded,shadedA,shadedA6,0B,no,2.44,0.71,22.6,0,2,2,16,41,68,0.404
shaded,shadedA,shadedA7,0B,no,2.76,0.71,20.8,0,2,1,48,412,481,0.1771
shaded,shadedA,shadedA7,0B,no,2.76,0.71,20.8,0,2,2,10,45,82,0.2914
shaded,shadedA,shadedA8,0B,no,3.02,0.64,23.3,0,2,1,22,43,95,0
shaded,shadedA,shadedA8,0B,no,3.02,0.64,23.3,0,2,2,10,41,78,0.401
shaded,shadedA,shadedA9,0B,no,3.12,0.96,24,0,3,1,19,57,100,0.3775
shaded,shadedA,shadedA9,0B,no,3.12,0.96,24,0,3,2,14,35,66,0.2637
shaded,shadedB,shadedB1,0B,no,2.77,0.93,22.6,0,3,1,17,36,70,0.3261
shaded,shadedB,shadedB1,0B,no,2.77,0.93,22.6,0,3,2,13,33,61,0.2687
shaded,shadedB,shadedB2,0B,no,3.67,0.98,22.5,0,1,1,70,133,189,0.2168
shaded,shadedB,shadedB2,0B,no,3.67,0.98,22.5,0,1,2,8,31,73,0.2567
shaded,shadedB,shadedB3,0B,no,3.12,1.08,22.9,0,3,1,1200,1200,1200,0
shaded,shadedB,shadedB3,0B,no,3.12,1.08,22.9,0,3,2,1200,1200,1200,0.2141
shaded,shadedB,shadedB4,0B,no,3.19,0.79,23.2,0,1,1,22,52,109,0.3124
shaded,shadedB,shadedB4,0B,no,3.19,0.79,23.2,0,1,2,21,43,81,0.1108
shaded,shadedB,shadedB5,0B,no,3.43,1.02,23.1,0,2,1,30,60,92,0.2689
shaded,shadedB,shadedB5,0B,no,3.43,1.02,23.1,0,2,2,14,54,82,0.3529
shaded,shadedB,shadedB6,0B,no,3.28,0.72,22,0,1,1,20,50,126,0.2467
shaded,shadedB,shadedB6,0B,no,3.28,0.72,22,0,1,2,20,51,85,0.2153
shaded,shadedB,shadedB7,0B,no,3.78,0.9,23.7,0,1,1,30,232,344,0.1522
shaded,shadedB,shadedB7,0B,no,3.78,0.9,23.7,0,1,2,18,40,68,0.1628
shaded,shadedB,shadedB8,0B,no,2.15,0.47,22.3,0,3,1,19,68,128,0.1507
shaded,shadedB,shadedB8,0B,no,2.15,0.47,22.3,0,3,2,14,37,70,0.2028
shaded,shadedB,shadedB9,0B,no,2.84,0.61,22.5,0,2,1,21,69,136,0.2955
shaded,shadedB,shadedB9,0B,no,2.84,0.61,22.5,0,2,2,17,54,128,0.1734
shaded,shadedC,shadedC1,0B,no,2.34,0.57,20.4,0,1,1,15,55,130,0.1361
shaded,shadedC,shadedC1,0B,no,2.34,0.57,20.4,0,1,2,14,50,104,0.2083
shaded,shadedC,shadedC2,0B,no,3.01,0.86,25.2,0,1,1,10,59,107,0.3554
shaded,shadedC,shadedC2,0B,no,3.01,0.86,25.2,0,1,2,14,45,98,0.5231
shaded,shadedC,shadedC3,0B,no,3.51,0.93,22.4,0,3,1,1200,1200,1200,0.1161
shaded,shadedC,shadedC3,0B,no,3.51,0.93,22.4,0,3,2,1200,1200,1200,0.1023
shaded,shadedC,shadedC4,0B,no,3.42,1.37,23.6,0,2,1,27,129,189,0.2414
shaded,shadedC,shadedC4,0B,no,3.42,1.37,23.6,0,2,2,20,47,82,0.2596
shaded,shadedC,shadedC5,0B,no,2.78,0.65,21.7,0,3,1,15,54,116,0.1673
shaded,shadedC,shadedC5,0B,no,2.78,0.65,21.7,0,3,2,14,33,59,0.0711000000000001
shaded,shadedC,shadedC6,0B,no,2.97,0.86,24.4,0,1,1,16,55,100,0.926
shaded,shadedC,shadedC6,0B,no,2.97,0.86,24.4,0,1,2,14,48,81,0.3717
shaded,shadedC,shadedC7,0B,no,3.06,0.79,21.9,0,3,1,20,54,82,0.1879
shaded,shadedC,shadedC7,0B,no,3.06,0.79,21.9,0,3,2,11,32,60,0.2078
shaded,shadedC,shadedC8,0B,no,2.04,0.44,19.4,0,2,1,27,136,1200,0.2346
shaded,shadedC,shadedC8,0B,no,2.04,0.44,19.4,0,2,2,20,58,111,0.2719
shaded,shadedC,shadedC9,0B,no,2.51,0.54,24.1,0,1,1,17,52,59,0
shaded,shadedC,shadedC9,0B,no,2.51,0.54,24.1,0,1,2,16,41,68,0
shaded,shadedD,shadedD1,0B,no,2.72,0.88,21.2,0,1,1,48,131,1200,0.096
shaded,shadedD,shadedD1,0B,no,2.72,0.88,21.2,0,1,2,28,59,91,0.0559999999999999
shaded,shadedD,shadedD2,0B,no,3.52,1,23.6,0,2,1,16,37,209,0.266
shaded,shadedD,shadedD2,0B,no,3.52,1,23.6,0,2,2,18,48,90,0.3521
shaded,shadedD,shadedD3,0B,no,3.33,0.96,23,0,2,1,22,52,97,0.2425
shaded,shadedD,shadedD3,0B,no,3.33,0.96,23,0,2,2,19,43,94,0.2854
shaded,shadedD,shadedD4,3B,no,3.41,0.81,23.9,0,2,1,15,49,88,0
shaded,shadedD,shadedD4,3B,no,3.41,0.81,23.9,0,2,2,17,194,308,0.1559
shaded,shadedD,shadedD5,3B,yes,4.7,1.33,24.5,0,3,1,26,152,298,0.2405
shaded,shadedD,shadedD5,3B,yes,4.7,1.33,24.5,0,3,2,20,56,102,0.1288
shaded,shadedD,shadedD6,3B,no,3.69,0.9,23.7,0,3,1,24,53,170,0.244
shaded,shadedD,shadedD6,3B,no,3.69,0.9,23.7,0,3,2,21,49,95,0.1794
shaded,shadedD,shadedD7,3B,yes,3.27,0.76,22.8,0,1,1,20,55,136,0.2991
shaded,shadedD,shadedD7,3B,yes,3.27,0.76,22.8,0,1,2,18,46,85,0.2734
shaded,shadedD,shadedD8,3B,no,4.02,1.04,24.9,0,1,1,8,30,76,0.3028
shaded,shadedD,shadedD8,3B,no,4.02,1.04,24.9,0,1,2,16,44,86,0.3195
shaded,shadedD,shadedD9,3B,no,3.77,1.27,24.1,0,1,1,14,54,126,0.2343
shaded,shadedD,shadedD9,3B,no,3.77,1.27,24.1,0,1,2,17,51,125,0.1701
shaded,shadedE,shadedE1,3B,yes,3.5,1.11,24,0,3,1,22,44,71,0.3463
shaded,shadedE,shadedE1,3B,yes,3.5,1.11,24,0,3,2,20,64,175,0.2974
shaded,shadedE,shadedE2,3B,no,3.47,0.92,23.4,0,3,1,166,240,305,0.2698
shaded,shadedE,shadedE2,3B,no,3.47,0.92,23.4,0,3,2,21,41,81,0.3558
shaded,shadedE,shadedE3,3B,no,2.4,0.57,21.2,0,2,1,24,63,119,0.1117
shaded,shadedE,shadedE3,3B,no,2.4,0.57,21.2,0,2,2,18,68,174,0.208
shaded,shadedE,shadedE4,3B,no,2.77,0.64,22.8,0,2,1,21,44,103,0.3012
shaded,shadedE,shadedE4,3B,no,2.77,0.64,22.8,0,2,2,13,42,104,0.3235
shaded,shadedE,shadedE5,3B,yes,2.57,0.66,20.9,0,2,1,15,60,157,0.2144
shaded,shadedE,shadedE5,3B,yes,2.57,0.66,20.9,0,2,2,17,102,287,0.2948
shaded,shadedE,shadedE6,3B,yes,4.16,1.15,25,0,3,1,24,51,86,0.2543
shaded,shadedE,shadedE6,3B,yes,4.16,1.15,25,0,3,2,16,48,129,0.31
shaded,shadedE,shadedE7,3B,no,2.97,0.63,21.8,0,2,1,38,74,116,0.1846
shaded,shadedE,shadedE7,3B,no,2.97,0.63,21.8,0,2,2,89,137,184,0.2345
shaded,shadedE,shadedE8,3B,yes,3.12,0.87,21.6,0,2,1,23,48,89,0.0175999999999999
shaded,shadedE,shadedE8,3B,yes,3.12,0.87,21.6,0,2,2,98,228,333,3.00000000000078e-4
shaded,shadedE,shadedE9,3B,no,4.25,0.96,24.4,0,2,1,112,1200,1200,0.3348
shaded,shadedE,shadedE9,3B,no,4.25,0.96,24.4,0,2,2,18,48,116,0.3444
shaded,shadedH,shadedH1,3B,no,2.8,0.78,20.9,0,3,1,60,127,187,0.2484
shaded,shadedH,shadedH1,3B,no,2.8,0.78,20.9,0,3,2,54,109,1200,0.1301
shaded,shadedH,shadedH2,3B,no,4.15,1.1,24.1,0,3,1,11,37,71,0.2267
shaded,shadedH,shadedH2,3B,no,4.15,1.1,24.1,0,3,2,8,38,80,0.2755
shaded,shadedH,shadedH3,3B,no,2.56,0.82,21.6,0,2,1,17,43,87,0.2054
shaded,shadedH,shadedH3,3B,no,2.56,0.82,21.6,0,2,2,16,144,192,0.2763
shaded,shadedH,shadedH4,3B,yes,2.66,0.83,23.2,0,1,1,20,46,82,0.3542
shaded,shadedH,shadedH4,3B,yes,2.66,0.83,23.2,0,1,2,19,49,90,0.4578
shaded,shadedH,shadedH5,3B,yes,3.1,0.68,22,0,1,1,17,69,126,0.2548
shaded,shadedH,shadedH5,3B,yes,3.1,0.68,22,0,1,2,26,55,99,0.1797
shaded,shadedH,shadedH6,3B,yes,5.35,1.34,27.1,0,1,1,26,91,159,0.4007
shaded,shadedH,shadedH6,3B,yes,5.35,1.34,27.1,0,1,2,16,43,100,0.5883
shaded,shadedH,shadedH7,3B,no,1.94,0.51,22.2,0,3,1,24,62,130,0.1966
shaded,shadedH,shadedH7,3B,no,1.94,0.51,22.2,0,3,2,29,64,103,0.169
shaded,shadedH,shadedH8,3B,no,3.18,0.66,22.5,0,3,1,20,58,104,0.0863999999999999
shaded,shadedH,shadedH8,3B,no,3.18,0.66,22.5,0,3,2,9,46,81,0.134
shaded,shadedH,shadedH9,3B,yes,2.9,0.76,22.6,0,3,1,29,1200,1200,0.2282
shaded,shadedH,shadedH9,3B,yes,2.9,0.76,22.6,0,3,2,9,51,94,0.1475
shaded,shadedJ,shadedJ1,3B,no,2.8,0.75,23.7,0,1,1,14,78,130,0.2688
shaded,shadedJ,shadedJ1,3B,no,2.8,0.75,23.7,0,1,2,15,48,84,0.3798
shaded,shadedJ,shadedJ2,3B,no,3.39,0.9,22,0,1,1,22,45,91,0.1689
shaded,shadedJ,shadedJ2,3B,no,3.39,0.9,22,0,1,2,18,51,103,0.1273
shaded,shadedJ,shadedJ3,3B,no,4.14,0.92,24.5,0,2,1,60,1200,1200,0.2804
shaded,shadedJ,shadedJ3,3B,no,4.14,0.92,24.5,0,2,2,5,35,76,0.2445
shaded,shadedJ,shadedJ4,3B,no,3.09,1.03,23.2,0,1,1,21,93,176,0.2237
shaded,shadedJ,shadedJ4,3B,no,3.09,1.03,23.2,0,1,2,17,45,73,0.0273
shaded,shadedJ,shadedJ5,3B,no,2.79,0.69,21.8,0,2,1,1200,1200,1200,0.0728000000000001
shaded,shadedJ,shadedJ5,3B,no,2.79,0.69,21.8,0,2,2,26,82,169,0.131
shaded,shadedJ,shadedJ6,3B,no,4.26,1.1,24,0,1,1,23,69,244,0.2045
shaded,shadedJ,shadedJ6,3B,no,4.26,1.1,24,0,1,2,48,93,133,0.1773
shaded,shadedJ,shadedJ7,5B,yes,4.17,1.2,24.6,0,1,1,16,55,124,0.086
shaded,shadedJ,shadedJ7,5B,yes,4.17,1.2,24.6,0,1,2,18,58,110,0.2873
shaded,shadedJ,shadedJ8,5B,yes,3.39,1.21,23.9,0,3,1,49,223,331,0.1451
shaded,shadedJ,shadedJ8,5B,yes,3.39,1.21,23.9,0,3,2,29,87,398,0.00440000000000007
shaded,shadedJ,shadedJ9,5B,yes,3.09,0.81,22.9,0,2,1,17,38,92,0.3196
shaded,shadedJ,shadedJ9,5B,yes,3.09,0.81,22.9,0,2,2,10,41,160,0.4308
shaded,shadedK,shadedK1,5B,yes,4.07,1.18,24.8,0,2,1,15,38,80,0.1606
shaded,shadedK,shadedK1,5B,yes,4.07,1.18,24.8,0,2,2,15,44,81,0.2855
shaded,shadedK,shadedK2,5B,no,3.45,0.87,23.2,0,1,1,19,55,123,0.3214
shaded,shadedK,shadedK2,5B,no,3.45,0.87,23.2,0,1,2,14,46,79,0.3345
shaded,shadedK,shadedK3,5B,no,2.18,0.57,20,0,1,1,435,561,1200,0.0850000000000001
shaded,shadedK,shadedK3,5B,no,2.18,0.57,20,0,1,2,47,92,497,0.131
shaded,shadedK,shadedK4,5B,no,3.22,0.79,22.4,0,1,1,18,41,86,0.0695
shaded,shadedK,shadedK4,5B,no,3.22,0.79,22.4,0,1,2,14,42,73,0.2763
shaded,shadedK,shadedK5,5B,yes,2.7,0.86,22.6,0,1,1,21,87,118,0.0602999999999999
shaded,shadedK,shadedK5,5B,yes,2.7,0.86,22.6,0,1,2,42,137,212,0.2216
shaded,shadedK,shadedK6,5B,yes,3.34,0.78,22.2,0,1,1,22,52,104,0.1953
shaded,shadedK,shadedK6,5B,yes,3.34,0.78,22.2,0,1,2,14,51,101,0.1893
shaded,shadedK,shadedK7,5B,no,1.78,0.47,18.5,0,3,1,25,65,115,0.2004
shaded,shadedK,shadedK7,5B,no,1.78,0.47,18.5,0,3,2,27,60,108,0.2399
shaded,shadedK,shadedK8,5B,no,1.53,0.36,18.7,0,2,1,436,1200,1200,0.1276
shaded,shadedK,shadedK8,5B,no,1.53,0.36,18.7,0,2,2,14,93,156,0.0689000000000001
shaded,shadedK,shadedK9,5B,yes,2.75,0.8,25,0,3,1,25,81,138,0.4202
shaded,shadedK,shadedK9,5B,yes,2.75,0.8,25,0,3,2,25,68,125,0.407
shaded,shadedQ,shadedQ1,5B,no,3.82,0.94,23.2,0,2,1,34,256,547,0.1551
shaded,shadedQ,shadedQ1,5B,no,3.82,0.94,23.2,0,2,2,25,67,119,0.1969
shaded,shadedQ,shadedQ2,5B,no,2.76,0.61,22.7,0,2,1,27,53,95,0.2724
shaded,shadedQ,shadedQ2,5B,no,2.76,0.61,22.7,0,2,2,13,44,80,0.372
shaded,shadedQ,shadedQ3,5B,no,3.79,0.94,23.3,0,3,1,20,51,97,0.2571
shaded,shadedQ,shadedQ3,5B,no,3.79,0.94,23.3,0,3,2,17,54,102,0.2981
shaded,shadedQ,shadedQ4,5B,no,3.54,0.89,23.4,0,1,1,23,65,96,0.219
shaded,shadedQ,shadedQ4,5B,no,3.54,0.89,23.4,0,1,2,12,61,112,0.3193
shaded,shadedQ,shadedQ5,5B,yes,3.31,0.84,23.5,0,1,1,21,87,118,0.1994
shaded,shadedQ,shadedQ5,5B,yes,3.31,0.84,23.5,0,1,2,23,68,116,0.2363
shaded,shadedQ,shadedQ6,5B,no,3.08,0.63,22,0,2,1,531,1200,1200,0.0801999999999999
shaded,shadedQ,shadedQ6,5B,no,3.08,0.63,22,0,2,2,12,47,93,0.1985
shaded,shadedQ,shadedQ7,5B,yes,3.5,0.83,22.2,0,2,1,19,61,121,0.2097
shaded,shadedQ,shadedQ7,5B,yes,3.5,0.83,22.2,0,2,2,17,59,97,0.2327
shaded,shadedQ,shadedQ8,5B,yes,2.69,0.81,21.6,0,2,1,1200,1200,1200,0.2281
shaded,shadedQ,shadedQ8,5B,yes,2.69,0.81,21.6,0,2,2,16,56,112,0.159
shaded,shadedQ,shadedQ9,5B,no,3.6,0.77,23.5,0,1,1,399,595,1200,0.2537
shaded,shadedQ,shadedQ9,5B,no,3.6,0.77,23.5,0,1,2,35,83,147,0.2563
shaded,shadedX,shadedX1,5B,no,3.15,0.69,23.7,0,3,1,6,34,69,0.3266
shaded,shadedX,shadedX1,5B,no,3.15,0.69,23.7,0,3,2,14,40,78,0.4665
shaded,shadedX,shadedX2,5B,no,3.08,0.77,22.4,0,1,1,14,55,120,0.1763
shaded,shadedX,shadedX2,5B,no,3.08,0.77,22.4,0,1,2,16,103,157,0.2922
shaded,shadedX,shadedX3,5B,no,2.11,0.55,20.1,0,2,1,1200,1200,1200,0.1527
shaded,shadedX,shadedX3,5B,no,2.11,0.55,20.1,0,2,2,25,71,136,0.0934
shaded,shadedX,shadedX4,5B,no,2.96,0.66,22.5,0,2,1,125,270,369,0.0911000000000001
shaded,shadedX,shadedX4,5B,no,2.96,0.66,22.5,0,2,2,12,36,67,0.3852
shaded,shadedX,shadedX5,5B,no,1.89,0.5,18.7,0,3,1,21,63,231,0.1731
shaded,shadedX,shadedX5,5B,no,1.89,0.5,18.7,0,3,2,1200,1200,1200,0.2081
shaded,shadedX,shadedX6,5B,no,2.85,0.69,22,0,3,1,30,74,144,0.1392
shaded,shadedX,shadedX6,5B,no,2.85,0.69,22,0,3,2,14,59,163,0.1326
shaded,shadedX,shadedX7,5B,yes,2.75,0.87,22.3,0,3,1,106,154,210,0.1153
shaded,shadedX,shadedX7,5B,yes,2.75,0.87,22.3,0,3,2,1200,1200,1200,0.1494
shaded,shadedX,shadedX8,5B,yes,3.3,0.79,22.7,0,3,1,26,56,101,0.1487
shaded,shadedX,shadedX8,5B,yes,3.3,0.79,22.7,0,3,2,19,60,113,0.0872000000000001
shaded,shadedX,shadedX9,5B,no,2.67,0.58,22.1,0,3,1,29,118,334,0.1101
shaded,shadedX,shadedX9,5B,no,2.67,0.58,22.1,0,3,2,1200,1200,1200,0.1489
sun_exposed,sun_exposedA,sun_exposedA1,0B,no,3.82,0.9,22.8,0,1,1,38,121,201,0.1445
sun_exposed,sun_exposedA,sun_exposedA1,0B,no,3.82,0.9,22.8,0,1,2,10,44,80,0.2483
sun_exposed,sun_exposedA,sun_exposedA2,0B,no,2.75,0.69,22.4,0,2,1,37,93,350,0.1478
sun_exposed,sun_exposedA,sun_exposedA2,0B,no,2.75,0.69,22.4,0,2,2,58,199,301,0.2488
sun_exposed,sun_exposedA,sun_exposedA3,0B,no,3.6,0.99,22.2,0,2,1,21,143,203,0.092
sun_exposed,sun_exposedA,sun_exposedA3,0B,no,3.6,0.99,22.2,0,2,2,23,121,233,0.2043
sun_exposed,sun_exposedA,sun_exposedA4,0B,no,3.71,0.87,23.3,0,3,1,32,67,124,0.2113
sun_exposed,sun_exposedA,sun_exposedA4,0B,no,3.71,0.87,23.3,0,3,2,27,83,167,0.2063
sun_exposed,sun_exposedA,sun_exposedA5,0B,no,3.87,0.78,24.3,0,2,1,8,36,73,0.1177
sun_exposed,sun_exposedA,sun_exposedA5,0B,no,3.87,0.78,24.3,0,2,2,20,44,88,0.2554
sun_exposed,sun_exposedA,sun_exposedA6,0B,no,3.64,1.35,24.5,0,2,1,14,43,76,0.4029
sun_exposed,sun_exposedA,sun_exposedA6,0B,no,3.64,1.35,24.5,0,2,2,35,106,165,0.3192
sun_exposed,sun_exposedA,sun_exposedA7,0B,no,2.87,1.08,23.5,0,1,1,1200,1200,1200,0.0762999999999999
sun_exposed,sun_exposedA,sun_exposedA7,0B,no,2.87,1.08,23.5,0,1,2,75,248,416,0.1143
sun_exposed,sun_exposedA,sun_exposedA8,0B,no,4.27,1.3,25.2,0,3,1,21,62,470,0.2921
sun_exposed,sun_exposedA,sun_exposedA8,0B,no,4.27,1.3,25.2,0,3,2,22,91,484,0.2813
sun_exposed,sun_exposedA,sun_exposedA9,0B,no,3.44,1.17,25.6,0,3,1,10,42,87,0.4216
sun_exposed,sun_exposedA,sun_exposedA9,0B,no,3.44,1.17,25.6,0,3,2,15,61,98,0.1988
sun_exposed,sun_exposedB,sun_exposedB1,0B,no,3.35,1.09,22.8,0,2,1,26,64,102,0.2221
sun_exposed,sun_exposedB,sun_exposedB1,0B,no,3.35,1.09,22.8,0,2,2,141,201,251,0.1843
sun_exposed,sun_exposedB,sun_exposedB2,0B,no,3.87,1.04,22,0,1,1,30,40,83,0.1355
sun_exposed,sun_exposedB,sun_exposedB2,0B,no,3.87,1.04,22,0,1,2,344,410,504,0
sun_exposed,sun_exposedB,sun_exposedB3,0B,no,3.75,1.11,23.3,0,2,1,10,68,100,0.0253
sun_exposed,sun_exposedB,sun_exposedB3,0B,no,3.75,1.11,23.3,0,2,2,18,103,224,0.182
sun_exposed,sun_exposedB,sun_exposedB4,0B,no,4.52,1.31,24.2,0,3,1,33,73,167,0.2341
sun_exposed,sun_exposedB,sun_exposedB4,0B,no,4.52,1.31,24.2,0,3,2,19,56,94,0.1476
sun_exposed,sun_exposedB,sun_exposedB5,0B,no,3.04,0.97,22.7,0,1,1,92,414,453,0.1439
sun_exposed,sun_exposedB,sun_exposedB5,0B,no,3.04,0.97,22.7,0,1,2,12,45,78,0.2434
sun_exposed,sun_exposedB,sun_exposedB6,0B,no,4.11,0.9,24.8,0,1,1,16,42,82,0.3551
sun_exposed,sun_exposedB,sun_exposedB6,0B,no,4.11,0.9,24.8,0,1,2,20,50,81,0.1563
sun_exposed,sun_exposedB,sun_exposedB7,0B,no,3,0.86,22.7,0,3,1,18,46,87,0.0178999999999999
sun_exposed,sun_exposedB,sun_exposedB7,0B,no,3,0.86,22.7,0,3,2,18,49,91,0.2089
sun_exposed,sun_exposedB,sun_exposedB8,0B,no,3.7,1.15,23.3,0,3,1,72,319,1200,0.1371
sun_exposed,sun_exposedB,sun_exposedB8,0B,no,3.7,1.15,23.3,0,3,2,140,1200,1200,0.00319999999999998
sun_exposed,sun_exposedB,sun_exposedB9,0B,no,3.22,0.75,21.6,0,1,1,36,67,127,0.2023
sun_exposed,sun_exposedB,sun_exposedB9,0B,no,3.22,0.75,21.6,0,1,2,14,88,148,0.1937
sun_exposed,sun_exposedC,sun_exposedC1,0B,no,3.95,1.49,25.2,0,2,1,26,74,140,0.0910000000000001
sun_exposed,sun_exposedC,sun_exposedC1,0B,no,3.95,1.49,25.2,0,2,2,19,62,109,0.1021
sun_exposed,sun_exposedC,sun_exposedC2,0B,no,3.86,1.39,25.1,0,3,1,1200,1200,1200,0.2253
sun_exposed,sun_exposedC,sun_exposedC2,0B,no,3.86,1.39,25.1,0,3,2,1200,1200,1200,5.00000000000056e-4
sun_exposed,sun_exposedC,sun_exposedC3,0B,no,3.94,1.03,23.6,0,2,1,22,59,145,0.1908
sun_exposed,sun_exposedC,sun_exposedC3,0B,no,3.94,1.03,23.6,0,2,2,38,129,354,0.257
sun_exposed,sun_exposedC,sun_exposedC4,0B,no,2.34,0.71,21.2,0,1,1,51,178,307,0.3026
sun_exposed,sun_exposedC,sun_exposedC4,0B,no,2.34,0.71,21.2,0,1,2,23,58,114,0.2373
sun_exposed,sun_exposedC,sun_exposedC5,0B,no,3.35,1.06,21.6,1,3,1,1200,1200,1200,0.0163000000000001
sun_exposed,sun_exposedC,sun_exposedC5,0B,no,3.35,1.06,21.6,1,3,2,1200,1200,1200,0
sun_exposed,sun_exposedC,sun_exposedC7,0B,no,3.4,1.18,24.9,0,2,1,1200,1200,1200,0.0933
sun_exposed,sun_exposedC,sun_exposedC7,0B,no,3.4,1.18,24.9,0,2,2,1200,1200,1200,0.0511
sun_exposed,sun_exposedC,sun_exposedC8,0B,no,3.24,1.07,22.9,0,1,1,19,46,103,0.2163
sun_exposed,sun_exposedC,sun_exposedC8,0B,no,3.24,1.07,22.9,0,1,2,23,59,150,0.2103
sun_exposed,sun_exposedC,sun_exposedC9,0B,no,1.77,0.59,21.3,0,2,1,23,63,111,0.0753
sun_exposed,sun_exposedC,sun_exposedC9,0B,no,1.77,0.59,21.3,0,2,2,1200,1200,1200,0.0422999999999999
sun_exposed,sun_exposedD,sun_exposedD1,0B,no,3.52,0.87,22,0,3,1,369,1200,1200,0
sun_exposed,sun_exposedD,sun_exposedD1,0B,no,3.52,0.87,22,0,3,2,1200,1200,1200,0.00179999999999991
sun_exposed,sun_exposedD,sun_exposedD2,0B,no,2.74,0.86,20.4,0,1,1,26,56,119,0.1145
sun_exposed,sun_exposedD,sun_exposedD2,0B,no,2.74,0.86,20.4,0,1,2,29,68,240,0.1721
sun_exposed,sun_exposedD,sun_exposedD3,0B,no,2.71,0.76,22.3,0,1,1,27,58,117,0.2032
sun_exposed,sun_exposedD,sun_exposedD3,0B,no,2.71,0.76,22.3,0,1,2,19,58,106,1.0688
sun_exposed,sun_exposedD,sun_exposedD4,3B,no,3.56,1.24,22.7,0,2,1,27,64,116,0.3799
sun_exposed,sun_exposedD,sun_exposedD4,3B,no,3.56,1.24,22.7,0,2,2,21,60,113,0.2629
sun_exposed,sun_exposedD,sun_exposedD5,3B,no,4.96,1.75,26.1,0,3,1,12,50,80,0.2164
sun_exposed,sun_exposedD,sun_exposedD5,3B,no,4.96,1.75,26.1,0,3,2,32,65,103,0.1341
sun_exposed,sun_exposedD,sun_exposedD6,3B,no,4.37,1.11,24.9,0,2,1,17,163,391,0.3734
sun_exposed,sun_exposedD,sun_exposedD6,3B,no,4.37,1.11,24.9,0,2,2,15,43,94,0.1874
sun_exposed,sun_exposedD,sun_exposedD7,3B,yes,2.71,0.92,23.1,0,1,1,15,86,106,0.191
sun_exposed,sun_exposedD,sun_exposedD7,3B,yes,2.71,0.92,23.1,0,1,2,20,57,113,0.2453
sun_exposed,sun_exposedD,sun_exposedD8,3B,no,3.91,1.21,24,0,3,1,38,92,240,0.2542
sun_exposed,sun_exposedD,sun_exposedD8,3B,no,3.91,1.21,24,0,3,2,19,78,129,0.3518
sun_exposed,sun_exposedD,sun_exposedD9,3B,no,4.25,1.55,25.4,0,3,1,127,201,301,0.1355
sun_exposed,sun_exposedD,sun_exposedD9,3B,no,4.25,1.55,25.4,0,3,2,11,34,211,0.1144
sun_exposed,sun_exposedE,sun_exposedE1,3B,no,4.55,1.26,24.6,0,1,1,20,62,85,0.3051
sun_exposed,sun_exposedE,sun_exposedE1,3B,no,4.55,1.26,24.6,0,1,2,28,71,113,0.2813
sun_exposed,sun_exposedE,sun_exposedE2,3B,no,4.25,1.43,23.1,0,3,1,22,42,52,0.3028
sun_exposed,sun_exposedE,sun_exposedE2,3B,no,4.25,1.43,23.1,0,3,2,20,40,72,0.2223
sun_exposed,sun_exposedE,sun_exposedE3,3B,no,3.47,0.98,22.5,0,2,1,19,41,80,0.182
sun_exposed,sun_exposedE,sun_exposedE3,3B,no,3.47,0.98,22.5,0,2,2,18,43,70,0.192
sun_exposed,sun_exposedE,sun_exposedE4,3B,no,3.73,1.04,23.9,0,1,1,20,52,100,0.3048
sun_exposed,sun_exposedE,sun_exposedE4,3B,no,3.73,1.04,23.9,0,1,2,30,59,113,0.1016
sun_exposed,sun_exposedE,sun_exposedE5,3B,no,3.19,0.92,23.1,0,3,1,21,56,124,0.00280000000000002
sun_exposed,sun_exposedE,sun_exposedE5,3B,no,3.19,0.92,23.1,0,3,2,104,163,216,0.1902
sun_exposed,sun_exposedE,sun_exposedE6,3B,no,3.63,1.1,24.7,0,1,1,31,50,83,0.3024
sun_exposed,sun_exposedE,sun_exposedE6,3B,no,3.63,1.1,24.7,0,1,2,22,60,227,0.0153
sun_exposed,sun_exposedE,sun_exposedE7,3B,yes,3.44,1.14,23.9,0,3,1,24,55,88,0.2091
sun_exposed,sun_exposedE,sun_exposedE7,3B,yes,3.44,1.14,23.9,0,3,2,17,46,82,0.0861999999999999
sun_exposed,sun_exposedE,sun_exposedE8,3B,no,2.52,0.72,23.4,0,3,1,116,1200,1200,0.1567
sun_exposed,sun_exposedE,sun_exposedE8,3B,no,2.52,0.72,23.4,0,3,2,35,242,430,0.3228
sun_exposed,sun_exposedE,sun_exposedE9,3B,yes,3.48,0.84,22.5,0,3,1,13,44,69,0.1368
sun_exposed,sun_exposedE,sun_exposedE9,3B,yes,3.48,0.84,22.5,0,3,2,17,67,100,0.3602
sun_exposed,sun_exposedH,sun_exposedH1,3B,no,4.69,1.22,23,0,1,1,24,51,89,0.3545
sun_exposed,sun_exposedH,sun_exposedH1,3B,no,4.69,1.22,23,0,1,2,24,66,134,0.3224
sun_exposed,sun_exposedH,sun_exposedH2,3B,no,4.54,1.24,24.6,0,2,1,28,58,103,0.2909
sun_exposed,sun_exposedH,sun_exposedH2,3B,no,4.54,1.24,24.6,0,2,2,17,46,78,0.3113
sun_exposed,sun_exposedH,sun_exposedH3,3B,no,3.15,0.94,22.1,0,2,1,34,65,103,0.2753
sun_exposed,sun_exposedH,sun_exposedH3,3B,no,3.15,0.94,22.1,0,2,2,24,66,123,0.2421
sun_exposed,sun_exposedH,sun_exposedH4,3B,no,2.73,0.88,22.6,0,1,1,23,58,108,0.1522
sun_exposed,sun_exposedH,sun_exposedH4,3B,no,2.73,0.88,22.6,0,1,2,20,51,96,0.0213
sun_exposed,sun_exposedH,sun_exposedH5,3B,yes,3.1,1.02,24.5,0,2,1,13,42,76,0.2793
sun_exposed,sun_exposedH,sun_exposedH5,3B,yes,3.1,1.02,24.5,0,2,2,17,48,85,0.2926
sun_exposed,sun_exposedH,sun_exposedH6,3B,yes,2.96,1.11,24,0,3,1,47,134,280,0.2299
sun_exposed,sun_exposedH,sun_exposedH6,3B,yes,2.96,1.11,24,0,3,2,309,358,389,0.0961
sun_exposed,sun_exposedH,sun_exposedH7,3B,yes,4.79,1.17,25,0,2,1,44,78,125,0.1343
sun_exposed,sun_exposedH,sun_exposedH7,3B,yes,4.79,1.17,25,0,2,2,313,380,454,0.0539999999999999
sun_exposed,sun_exposedH,sun_exposedH8,3B,no,4.4,1.4,25.3,0,1,1,14,70,338,0.0462999999999999
sun_exposed,sun_exposedH,sun_exposedH8,3B,no,4.4,1.4,25.3,0,1,2,31,89,163,0.2861
sun_exposed,sun_exposedH,sun_exposedH9,3B,no,3.93,1.11,24.9,0,3,1,19,55,86,0.1033
sun_exposed,sun_exposedH,sun_exposedH9,3B,no,3.93,1.11,24.9,0,3,2,14,38,77,0.2328
sun_exposed,sun_exposedJ,sun_exposedJ1,3B,no,3.96,1.18,23.6,0,2,1,26,65,105,0.1279
sun_exposed,sun_exposedJ,sun_exposedJ1,3B,no,3.96,1.18,23.6,0,2,2,21,70,131,0.1465
sun_exposed,sun_exposedJ,sun_exposedJ2,3B,no,3.81,1.09,23.6,0,1,1,17,67,70,0.2494
sun_exposed,sun_exposedJ,sun_exposedJ2,3B,no,3.81,1.09,23.6,0,1,2,18,47,94,0.2919
sun_exposed,sun_exposedJ,sun_exposedJ3,3B,no,3.59,1.25,23.1,0,1,1,30,63,144,0
sun_exposed,sun_exposedJ,sun_exposedJ3,3B,no,3.59,1.25,23.1,0,1,2,24,82,495,0.3073
sun_exposed,sun_exposedJ,sun_exposedJ4,3B,no,3.72,1.02,23.6,0,1,1,15,42,77,0.1163
sun_exposed,sun_exposedJ,sun_exposedJ4,3B,no,3.72,1.02,23.6,0,1,2,15,64,356,0.2923
sun_exposed,sun_exposedJ,sun_exposedJ5,3B,no,5.13,1.5,24.6,0,2,1,20,45,88,0.3085
sun_exposed,sun_exposedJ,sun_exposedJ5,3B,no,5.13,1.5,24.6,0,2,2,27,59,114,0.2821
sun_exposed,sun_exposedJ,sun_exposedJ6,3B,no,4.45,1.18,24.7,0,2,1,24,77,110,0.3
sun_exposed,sun_exposedJ,sun_exposedJ6,3B,no,4.45,1.18,24.7,0,2,2,17,59,92,0.2308
sun_exposed,sun_exposedJ,sun_exposedJ7,5B,yes,4.12,1.61,24.9,0,1,1,16,48,125,0.1851
sun_exposed,sun_exposedJ,sun_exposedJ7,5B,yes,4.12,1.61,24.9,0,1,2,45,83,149,0.2093
sun_exposed,sun_exposedJ,sun_exposedJ8,5B,no,4.63,1.39,25.7,0,2,1,15,50,110,0.364
sun_exposed,sun_exposedJ,sun_exposedJ8,5B,no,4.63,1.39,25.7,0,2,2,35,96,169,0.1103
sun_exposed,sun_exposedJ,sun_exposedJ9,5B,yes,4.17,1.41,23.9,0,2,1,19,52,103,0.2482
sun_exposed,sun_exposedJ,sun_exposedJ9,5B,yes,4.17,1.41,23.9,0,2,2,53,266,368,0.0805999999999999
sun_exposed,sun_exposedK,sun_exposedK1,5B,no,3.2,0.92,22.7,0,2,1,12,32,59,0.1849
sun_exposed,sun_exposedK,sun_exposedK1,5B,no,3.2,0.92,22.7,0,2,2,21,70,117,0.0211
sun_exposed,sun_exposedK,sun_exposedK2,5B,no,3.77,0.97,25.1,0,3,1,59,81,109,0.1856
sun_exposed,sun_exposedK,sun_exposedK2,5B,no,3.77,0.97,25.1,0,3,2,11,35,66,0.0815
sun_exposed,sun_exposedK,sun_exposedK3,5B,yes,3.49,1.01,23.2,0,1,1,25,42,110,0.2756
sun_exposed,sun_exposedK,sun_exposedK3,5B,yes,3.49,1.01,23.2,0,1,2,19,72,151,0.3222
sun_exposed,sun_exposedK,sun_exposedK4,5B,no,3.83,0.94,23,0,2,1,194,321,409,0.3504
sun_exposed,sun_exposedK,sun_exposedK4,5B,no,3.83,0.94,23,0,2,2,14,43,130,0.1782
sun_exposed,sun_exposedK,sun_exposedK5,5B,yes,2.3,0.72,22.7,0,3,1,15,55,112,0.2078
sun_exposed,sun_exposedK,sun_exposedK5,5B,yes,2.3,0.72,22.7,0,3,2,104,127,155,0.2674
sun_exposed,sun_exposedK,sun_exposedK6,5B,no,3.98,1.04,25.3,0,3,1,22,62,131,0.2497
sun_exposed,sun_exposedK,sun_exposedK6,5B,no,3.98,1.04,25.3,0,3,2,14,49,92,0.2458
sun_exposed,sun_exposedK,sun_exposedK7,5B,no,5.16,1.3,25.8,0,1,1,28,72,117,0.2113
sun_exposed,sun_exposedK,sun_exposedK7,5B,no,5.16,1.3,25.8,0,1,2,172,300,361,0.2713
sun_exposed,sun_exposedK,sun_exposedK8,5B,no,2.74,0.76,21.6,0,1,1,15,55,130,0.1611
sun_exposed,sun_exposedK,sun_exposedK8,5B,no,2.74,0.76,21.6,0,1,2,19,57,99,0.0902999999999999
sun_exposed,sun_exposedK,sun_exposedK9,5B,no,3.48,1.02,24,0,3,1,1200,1200,1200,0.2078
sun_exposed,sun_exposedK,sun_exposedK9,5B,no,3.48,1.02,24,0,3,2,1200,1200,1200,0.163
sun_exposed,sun_exposedQ,sun_exposedQ1,5B,yes,4.02,0.79,24.2,0,1,1,30,52,84,0
sun_exposed,sun_exposedQ,sun_exposedQ1,5B,yes,4.02,0.79,24.2,0,1,2,34,81,138,0.2943
sun_exposed,sun_exposedQ,sun_exposedQ2,5B,no,3.19,1.09,22.8,0,1,1,22,68,70,0
sun_exposed,sun_exposedQ,sun_exposedQ2,5B,no,3.19,1.09,22.8,0,1,2,21,72,211,0
sun_exposed,sun_exposedQ,sun_exposedQ3,5B,no,2.71,0.89,22.4,0,3,1,25,47,93,0.0944999999999999
sun_exposed,sun_exposedQ,sun_exposedQ3,5B,no,2.71,0.89,22.4,0,3,2,46,86,135,0.2015
sun_exposed,sun_exposedQ,sun_exposedQ4,5B,yes,2.94,0.76,24.8,0,2,1,17,114,160,0.3052
sun_exposed,sun_exposedQ,sun_exposedQ4,5B,yes,2.94,0.76,24.8,0,2,2,43,271,414,0.0905999999999999
sun_exposed,sun_exposedQ,sun_exposedQ5,5B,yes,3.24,0.94,23.4,0,1,1,22,53,86,0.2149
sun_exposed,sun_exposedQ,sun_exposedQ5,5B,yes,3.24,0.94,23.4,0,1,2,33,95,299,0.2254
sun_exposed,sun_exposedQ,sun_exposedQ6,5B,no,3.75,1.07,23.5,0,3,1,21,51,87,0.2061
sun_exposed,sun_exposedQ,sun_exposedQ6,5B,no,3.75,1.07,23.5,0,3,2,39,123,201,0.2357
sun_exposed,sun_exposedQ,sun_exposedQ7,5B,no,4.86,1.27,24.5,0,3,1,18,88,119,0.3492
sun_exposed,sun_exposedQ,sun_exposedQ7,5B,no,4.86,1.27,24.5,0,3,2,1200,1200,1200,0.3047
sun_exposed,sun_exposedQ,sun_exposedQ8,5B,no,3.36,1.05,23.5,0,2,1,24,47,82,0.202
sun_exposed,sun_exposedQ,sun_exposedQ8,5B,no,3.36,1.05,23.5,0,2,2,19,55,99,0.1852
sun_exposed,sun_exposedQ,sun_exposedQ9,5B,no,4.51,1.2,25.3,0,3,1,27,76,108,0.4071
sun_exposed,sun_exposedQ,sun_exposedQ9,5B,no,4.51,1.2,25.3,0,3,2,85,308,375,0.3082
sun_exposed,sun_exposedX,sun_exposedX1,5B,no,3.01,0.82,22.6,0,1,1,12,50,92,0.3818
sun_exposed,sun_exposedX,sun_exposedX1,5B,no,3.01,0.82,22.6,0,1,2,25,72,163,0.2733
sun_exposed,sun_exposedX,sun_exposedX2,5B,no,4.06,1.41,24.6,0,3,1,14,106,1200,0.5148
sun_exposed,sun_exposedX,sun_exposedX2,5B,no,4.06,1.41,24.6,0,3,2,28,61,116,0.5168
sun_exposed,sun_exposedX,sun_exposedX3,5B,no,4.24,1.1,23.9,0,2,1,136,274,399,0.241
sun_exposed,sun_exposedX,sun_exposedX3,5B,no,4.24,1.1,23.9,0,2,2,30,99,278,0.1598
sun_exposed,sun_exposedX,sun_exposedX4,5B,no,3.07,0.98,23.2,0,2,1,26,144,219,0.0236
sun_exposed,sun_exposedX,sun_exposedX4,5B,no,3.07,0.98,23.2,0,2,2,23,91,166,0.1925
sun_exposed,sun_exposedX,sun_exposedX5,5B,no,3.39,0.79,23.3,0,2,1,23,77,98,0.2293
sun_exposed,sun_exposedX,sun_exposedX5,5B,no,3.39,0.79,23.3,0,2,2,17,51,89,0.2781
sun_exposed,sun_exposedX,sun_exposedX6,5B,yes,2.64,0.86,23.2,0,1,1,20,47,83,0.3237
sun_exposed,sun_exposedX,sun_exposedX6,5B,yes,2.64,0.86,23.2,0,1,2,206,246,287,0.3877
sun_exposed,sun_exposedX,sun_exposedX7,5B,yes,5.55,1.79,27.9,0,1,1,26,64,129,0.3261
sun_exposed,sun_exposedX,sun_exposedX7,5B,yes,5.55,1.79,27.9,0,1,2,35,117,220,0.0702999999999999
sun_exposed,sun_exposedX,sun_exposedX8,5B,yes,2.19,0.59,22.5,0,3,1,1200,1200,1200,0.2069
sun_exposed,sun_exposedX,sun_exposedX8,5B,yes,2.19,0.59,22.5,0,3,2,10,39,78,0.268
sun_exposed,sun_exposedX,sun_exposedX9,5B,yes,1.92,0.42,21.2,0,2,1,16,57,115,0.1375
sun_exposed,sun_exposedX,sun_exposedX9,5B,yes,1.92,0.42,21.2,0,2,2,14,60,129,0.2894
sun_exposed,sun_exposedZ,sun_exposedZ1,0B,no,5.58,1.4,25,0,3,1,21,43,71,0.072
sun_exposed,sun_exposedZ,sun_exposedZ1,0B,no,5.58,1.4,25,0,3,2,19,46,82,0.3056
